pid,pname,pcpu,tcpu,pmem(kb),proxy,date
8736,chrome.exe,5.62504,11,175572,N/A,19:12:59
4600,chrome.exe,1.25001,11,104396,N/A,19:12:59
19028,explorer.exe,1.21678,11,187268,N/A,19:12:59
10136,chrome.exe,0.625004,11,191588,N/A,19:12:59
20376,svchost.exe,0,11,27760,N/A,19:12:59
18408,taskhostw.exe,0,11,18684,N/A,19:12:59
17712,svchost.exe,0,11,20624,N/A,19:12:59
13020,SearchHost.exe,0,11,264524,N/A,19:12:59
9660,Widgets.exe,0,11,35416,N/A,19:12:59

3244,ETDCtrl.exe,0,0,14196,N/A,19:13:9
8532,sihost.exe,0,0,33792,N/A,19:13:9
20048,svchost.exe,0,0,27484,N/A,19:13:9
20376,svchost.exe,0,0,27760,N/A,19:13:9
18408,taskhostw.exe,0,0,18656,N/A,19:13:9
19028,explorer.exe,0,0,187240,N/A,19:13:9
17712,svchost.exe,0,0,20624,N/A,19:13:9
19692,svchost.exe,0,0,29984,N/A,19:13:9
13020,SearchHost.exe,0,0,264524,N/A,19:13:9
9660,Widgets.exe,0,0,35416,N/A,19:13:9
5516,webexmta.exe,0,0,26652,N/A,19:13:9

288,BridgeCommunication.exe,0.594003,0,27400,N/A,19:13:20
8532,sihost.exe,0,0,33792,N/A,19:13:20
20048,svchost.exe,0,0,27484,N/A,19:13:20
20376,svchost.exe,0,0,27760,N/A,19:13:20
18408,taskhostw.exe,0,0,18656,N/A,19:13:20
19028,explorer.exe,0,0,186636,N/A,19:13:20
17712,svchost.exe,0,0,20624,N/A,19:13:20
19692,svchost.exe,0,0,29984,N/A,19:13:20
13020,SearchHost.exe,0,0,264524,N/A,19:13:20
9660,Widgets.exe,0,0,35420,N/A,19:13:20
5516,webexmta.exe,0,0,29284,N/A,19:13:20

9660,Widgets.exe,0.593699,7,35424,N/A,19:13:30
3244,ETDCtrl.exe,0,7,14196,N/A,19:13:30
8532,sihost.exe,0,7,33792,N/A,19:13:30
20048,svchost.exe,0,7,27484,N/A,19:13:30
20376,svchost.exe,0,7,27760,N/A,19:13:30
18408,taskhostw.exe,0,7,18664,N/A,19:13:30
19028,explorer.exe,0,7,186368,N/A,19:13:30
17712,svchost.exe,0,7,20624,N/A,19:13:30
19692,svchost.exe,0,7,29984,N/A,19:13:30
13020,SearchHost.exe,0,7,264524,N/A,19:13:30
5516,webexmta.exe,0,7,59776,N/A,19:13:30

